<?xml version="1.0" encoding="UTF-8" ?>
<extension type="package" version="3.4" method="upgrade">
    <packagename>cedsearchlinks</packagename>
    <author>Galaxiis</author>
    <authorEmail>galaxiiscom@gmail.com</authorEmail>
    <authorUrl>www.galaxiis.com</authorUrl>
    <creationDate>2016-07-25</creationDate>
    <version>1.0.0</version>
    <copyright>Copyright (C) 2013-2016 galaxiis.com All rights reserved.</copyright>
    <license>http://www.gnu.org/licenses/gpl-3.0.html GNU/GPL 3.0</license>
    <packager>Galaxiis</packager>
    <packagerurl>http://www.galaxiis.com</packagerurl>

    <files>
        <file type="plugin" id="cedsearchlinks" group="content">plg_content_cedsearchlinks.zip</file>
        <file type="library" id="galaxiis">lib_galaxiis.zip</file>
        <file type="library" id="galaxiis">lib_galaxiis.zip</file>
    </files>
</extension>